type,name,module,path,hash
"csv","agent-manifest","_config","_config/agent-manifest.csv","73bf01d775b288fdc7a57dc386e264604e5d5251e5ce1974dbcba8469cf4e480"
"csv","task-manifest","_config","_config/task-manifest.csv","d01553459f875d4fc5a3faebe6a9cd9d222533cf29bb4373cf3a91a19cca17c0"
"csv","workflow-manifest","_config","_config/workflow-manifest.csv","02fb0cb49ab78e48a79ff117e9f214bd21e0b1688828c7ac695f54c50d232228"
"yaml","manifest","_config","_config/manifest.yaml","b3d061647a990b629fbc047268edb9413c7606a121c83a918981dc5491411404"
"md","documentation-standards","_memory","_memory/tech-writer-sidecar/documentation-standards.md","b046192ee42fcd1a3e9b2ae6911a0db38510323d072c8d75bad0594f943039e4"
"yaml","config","_memory","_memory/config.yaml","69ac527eea10bb65abf215e56490b66c349799b54a16cc49568bfc5631133671"
"csv","default-party","bmm","bmm/teams/default-party.csv","5af107a5b9e9092aeb81bd8c8b9bbe7003afb7bc500e64d56da7cc27ae0c4a6e"
"csv","documentation-requirements","bmm","bmm/workflows/bmad-document-project/documentation-requirements.csv","d1253b99e88250f2130516b56027ed706e643bfec3d99316727a4c6ec65c6c1d"
"csv","domain-complexity","bmm","bmm/workflows/2-plan-workflows/bmad-validate-prd/data/domain-complexity.csv","f775f09fb4dc1b9214ca22db4a3994ce53343d976d7f6e5384949835db6d2770"
"csv","domain-complexity","bmm","bmm/workflows/2-plan-workflows/create-prd/data/domain-complexity.csv","f775f09fb4dc1b9214ca22db4a3994ce53343d976d7f6e5384949835db6d2770"
"csv","domain-complexity","bmm","bmm/workflows/3-solutioning/bmad-create-architecture/data/domain-complexity.csv","3dc34ed39f1fc79a51f7b8fc92087edb7cd85c4393a891d220f2e8dd5a101c70"
"csv","module-help","bmm","bmm/module-help.csv","fb0af1dca0d50b86687d16e8cb486860aa4458c0874e72ab6ea113ae653c3786"
"csv","project-types","bmm","bmm/workflows/2-plan-workflows/bmad-validate-prd/data/project-types.csv","7a01d336e940fb7a59ff450064fd1194cdedda316370d939264a0a0adcc0aca3"
"csv","project-types","bmm","bmm/workflows/2-plan-workflows/create-prd/data/project-types.csv","7a01d336e940fb7a59ff450064fd1194cdedda316370d939264a0a0adcc0aca3"
"csv","project-types","bmm","bmm/workflows/3-solutioning/bmad-create-architecture/data/project-types.csv","12343635a2f11343edb1d46906981d6f5e12b9cad2f612e13b09460b5e5106e7"
"json","bmad-manifest","bmm","bmm/workflows/1-analysis/bmad-product-brief-preview/bmad-manifest.json","692d2c28e128e5b79ec9e321e8106fa34a314bf8f5581d7ab99b876d2d3ab070"
"json","project-scan-report-schema","bmm","bmm/workflows/bmad-document-project/templates/project-scan-report-schema.json","8466965321f1db22f5013869636199f67e0113706283c285a7ffbbf5efeea321"
"md","architecture-decision-template","bmm","bmm/workflows/3-solutioning/bmad-create-architecture/architecture-decision-template.md","5d9adf90c28df61031079280fd2e49998ec3b44fb3757c6a202cda353e172e9f"
"md","artifact-analyzer","bmm","bmm/workflows/1-analysis/bmad-product-brief-preview/agents/artifact-analyzer.md","dcd8c4bb367fa48ff99c26565d164323b2ae057b09642ba7d1fda1683262be2d"
"md","brief-template","bmm","bmm/workflows/1-analysis/bmad-product-brief-preview/resources/brief-template.md","d42f0ef6b154b5c314090be393febabd61de3d8de1ecf926124d40d418552b4b"
"md","checklist","bmm","bmm/workflows/4-implementation/bmad-correct-course/checklist.md","d068cfc00d8e4a6bb52172a90eb2e7a47f2441ffb32cdee15eeca220433284a3"
"md","checklist","bmm","bmm/workflows/4-implementation/bmad-create-story/checklist.md","b94e28e774c3be0288f04ea163424bece4ddead5cd3f3680d1603ed07383323a"
"md","checklist","bmm","bmm/workflows/4-implementation/bmad-dev-story/checklist.md","630b68c6824a8785003a65553c1f335222b17be93b1bd80524c23b38bde1d8af"
"md","checklist","bmm","bmm/workflows/4-implementation/bmad-sprint-planning/checklist.md","80b10aedcf88ab1641b8e5f99c9a400c8fd9014f13ca65befc5c83992e367dd7"
"md","checklist","bmm","bmm/workflows/bmad-document-project/checklist.md","581b0b034c25de17ac3678db2dbafedaeb113de37ddf15a4df6584cf2324a7d7"
"md","checklist","bmm","bmm/workflows/bmad-qa-generate-e2e-tests/checklist.md","83cd779c6527ff34184dc86f9eebfc0a8a921aee694f063208aee78f80a8fb12"
"md","contextual-discovery","bmm","bmm/workflows/1-analysis/bmad-product-brief-preview/prompts/contextual-discovery.md","96e1cbe24bece94e8a81b7966cb2dd470472aded69dcf906f4251db74dd72a03"
"md","deep-dive-instructions","bmm","bmm/workflows/bmad-document-project/workflows/deep-dive-instructions.md","da91056a0973a040fe30c2c0be074e5805b869a9a403b960983157e876427306"
"md","deep-dive-template","bmm","bmm/workflows/bmad-document-project/templates/deep-dive-template.md","6198aa731d87d6a318b5b8d180fc29b9aa53ff0966e02391c17333818e94ffe9"
"md","deep-dive-workflow","bmm","bmm/workflows/bmad-document-project/workflows/deep-dive-workflow.md","a64d98dfa3b771df2853c4fa19a4e9c90d131e409e13b4c6f5e494d6ac715125"
"md","discover-inputs","bmm","bmm/workflows/4-implementation/bmad-create-story/discover-inputs.md","dfedba6a8ea05c9a91c6d202c4b29ee3ea793d8ef77575034787ae0fef280507"
"md","draft-and-review","bmm","bmm/workflows/1-analysis/bmad-product-brief-preview/prompts/draft-and-review.md","ab191df10103561a9ab7ed5c8f29a8ec4fce25e4459da8e9f3ec759f236f4976"
"md","epics-template","bmm","bmm/workflows/3-solutioning/bmad-create-epics-and-stories/templates/epics-template.md","a804f740155156d89661fa04e7a4264a8f712c4dc227c44fd8ae804a9b0f6b72"
"md","finalize","bmm","bmm/workflows/1-analysis/bmad-product-brief-preview/prompts/finalize.md","ca6d125ff9b536c9e7737c7b4a308ae4ec622ee7ccdc6c4c4abc8561089295ee"
"md","full-scan-instructions","bmm","bmm/workflows/bmad-document-project/workflows/full-scan-instructions.md","0544abae2476945168acb0ed48dd8b3420ae173cf46194fe77d226b3b5e7d7ae"
"md","full-scan-workflow","bmm","bmm/workflows/bmad-document-project/workflows/full-scan-workflow.md","3bff88a392c16602bd44730f32483505e73e65e46e82768809c13a0a5f55608b"
"md","guided-elicitation","bmm","bmm/workflows/1-analysis/bmad-product-brief-preview/prompts/guided-elicitation.md","445b7fafb5c1c35a238958d015d413c71ebb8fd3e29dc59d9d68fb581546ee54"
"md","index-template","bmm","bmm/workflows/bmad-document-project/templates/index-template.md","42c8a14f53088e4fda82f26a3fe41dc8a89d4bcb7a9659dd696136378b64ee90"
"md","instructions","bmm","bmm/workflows/bmad-document-project/instructions.md","9f4bc3a46559ffd44289b0d61a0f8f26f829783aa1c0e2a09dfa807fa93eb12f"
"md","opportunity-reviewer","bmm","bmm/workflows/1-analysis/bmad-product-brief-preview/agents/opportunity-reviewer.md","3b6d770c45962397bfecce5d4b001b03fc0e577aa75f7932084b56efe41edc07"
"md","prd-purpose","bmm","bmm/workflows/2-plan-workflows/bmad-validate-prd/data/prd-purpose.md","49c4641b91504bb14e3887029b70beacaff83a2de200ced4f8cb11c1356ecaee"
"md","prd-purpose","bmm","bmm/workflows/2-plan-workflows/create-prd/data/prd-purpose.md","49c4641b91504bb14e3887029b70beacaff83a2de200ced4f8cb11c1356ecaee"
"md","product-brief.template","bmm","bmm/workflows/1-analysis/bmad-create-product-brief/product-brief.template.md","6ac4dc09b974bb8a75d7de999176277ffca164b09e9bdb0f409a83c7795335fd"
"md","project-context-template","bmm","bmm/data/project-context-template.md","facd60b71649247146700b1dc7d709fa0ae09487f7cf2b5ff8f5ce1b3a8427e8"
"md","project-context-template","bmm","bmm/workflows/bmad-generate-project-context/project-context-template.md","54e351394ceceb0ac4b5b8135bb6295cf2c37f739c7fd11bb895ca16d79824a5"
"md","project-overview-template","bmm","bmm/workflows/bmad-document-project/templates/project-overview-template.md","a7c7325b75a5a678dca391b9b69b1e3409cfbe6da95e70443ed3ace164e287b2"
"md","readiness-report-template","bmm","bmm/workflows/3-solutioning/bmad-check-implementation-readiness/templates/readiness-report-template.md","0da97ab1e38818e642f36dc0ef24d2dae69fc6e0be59924dc2dbf44329738ff6"
"md","research.template","bmm","bmm/workflows/1-analysis/research/bmad-domain-research/research.template.md","507bb6729476246b1ca2fca4693986d286a33af5529b6cd5cb1b0bb5ea9926ce"
"md","research.template","bmm","bmm/workflows/1-analysis/research/bmad-market-research/research.template.md","507bb6729476246b1ca2fca4693986d286a33af5529b6cd5cb1b0bb5ea9926ce"
"md","research.template","bmm","bmm/workflows/1-analysis/research/bmad-technical-research/research.template.md","507bb6729476246b1ca2fca4693986d286a33af5529b6cd5cb1b0bb5ea9926ce"
"md","research.template","bmm","bmm/workflows/1-analysis/research/research.template.md","507bb6729476246b1ca2fca4693986d286a33af5529b6cd5cb1b0bb5ea9926ce"
"md","skeptic-reviewer","bmm","bmm/workflows/1-analysis/bmad-product-brief-preview/agents/skeptic-reviewer.md","fc1642dff30b49032db63f6518c5b34d3932c9efefaea2681186eb963b207b97"
"md","SKILL","bmm","bmm/workflows/1-analysis/bmad-create-product-brief/SKILL.md","154b6404ccf3113b030808907711ff9c0332b2e2b87b4d6fac3e7b2877a65f74"
"md","SKILL","bmm","bmm/workflows/1-analysis/bmad-product-brief-preview/SKILL.md","639cda59993b8c11bb3d2364d1c6778446bdb6ab43e73258a03ba67094ce3025"
"md","SKILL","bmm","bmm/workflows/1-analysis/research/bmad-domain-research/SKILL.md","0b6db1a213822a1347f4d8ccde0c68e468c5c1d53f783e25ab8c4d2c5f56a646"
"md","SKILL","bmm","bmm/workflows/1-analysis/research/bmad-market-research/SKILL.md","10418839dc2ea3ee32215cf401b9098590f3a3437e76b1e72b4c24edd3562be0"
"md","SKILL","bmm","bmm/workflows/1-analysis/research/bmad-technical-research/SKILL.md","1f3d94b202b3888ffafccca6fc1f76e7554628c88ea5f76e12d206ba9f8f55aa"
"md","SKILL","bmm","bmm/workflows/2-plan-workflows/bmad-create-ux-design/SKILL.md","ef05bacf1fbb599bd87b2780f6a5f85cfc3b4ab7e7eb2c0f5376899a1663c5a5"
"md","SKILL","bmm","bmm/workflows/2-plan-workflows/bmad-edit-prd/SKILL.md","d18f34c8efcaeb90204989c79f425585d0e872ac02f231f3832015b100d0d04b"
"md","SKILL","bmm","bmm/workflows/2-plan-workflows/bmad-validate-prd/SKILL.md","34241cb23b07aae6e931899abb998974ccdb1a2586c273f2f448aff8a0407c52"
"md","SKILL","bmm","bmm/workflows/3-solutioning/bmad-check-implementation-readiness/SKILL.md","307f083fc05c9019b5e12317576965acbcfbd4774cf64ef56c7afcb15d00a199"
"md","SKILL","bmm","bmm/workflows/3-solutioning/bmad-create-architecture/SKILL.md","ed60779d105d4d55f9d182fcdfd4a48b361330cd15120fef8b9d8a2a2432e3bf"
"md","SKILL","bmm","bmm/workflows/3-solutioning/bmad-create-epics-and-stories/SKILL.md","ec3675d2ab763e7050e5cc2975326b4a37c68ebbc2f4d27458d552f4071939d4"
"md","SKILL","bmm","bmm/workflows/4-implementation/bmad-code-review/SKILL.md","baca10e0257421b41bb07dc23cd4768e57f55f1aebe7b19e702d0b77a7f39a01"
"md","SKILL","bmm","bmm/workflows/4-implementation/bmad-correct-course/SKILL.md","400a2fd76a3818b9023a1a69a6237c20b93b5dd51dce1d507a38c10baaaba8cd"
"md","SKILL","bmm","bmm/workflows/4-implementation/bmad-create-story/SKILL.md","b1d6b9fbfee53246b46ae1096ada624d1e60c21941e2054fee81c46e1ec079d5"
"md","SKILL","bmm","bmm/workflows/4-implementation/bmad-dev-story/SKILL.md","60df7fead13be7cc33669f34fe4d929d95655f8e839f7e5cd5bb715313e17133"
"md","SKILL","bmm","bmm/workflows/4-implementation/bmad-retrospective/SKILL.md","d5bfc70a01ac9f131716827b5345cf3f7bfdda562c7c66ea2c7a7bd106f44e23"
"md","SKILL","bmm","bmm/workflows/4-implementation/bmad-sprint-planning/SKILL.md","7b5f68dcf95c8c9558bda0e4ba55637b0e8f9254577d7ac28072bb9f22c63d94"
"md","SKILL","bmm","bmm/workflows/4-implementation/bmad-sprint-status/SKILL.md","fc393cadb4a05050cb847471babbc10ecb65f0cb85da6e61c2cec65bb5dfc73d"
"md","SKILL","bmm","bmm/workflows/bmad-document-project/SKILL.md","f4020613aec74bfeed2661265df35bb8a6f5ef9478c013182e6b5493bed5ce75"
"md","SKILL","bmm","bmm/workflows/bmad-generate-project-context/SKILL.md","504447984a6c5ea30a14e4dacdd6627dc6bec67d6d51eddd2f328d74db8e6a82"
"md","SKILL","bmm","bmm/workflows/bmad-qa-generate-e2e-tests/SKILL.md","2915faf44ebc7bb2783c206bf1e4b82bbff6b35651aa01e33b270ab244ce2dc6"
"md","SKILL","bmm","bmm/workflows/bmad-quick-flow/bmad-quick-dev/SKILL.md","ea5c5f23cfa19bc132b568ecd516e7c075ffd101fd2f9139dee6413333c9da4d"
"md","SKILL","bmm","bmm/workflows/bmad-quick-flow/bmad-quick-dev-new-preview/SKILL.md","85126707c672676f09e9a1c955bf7dfb08507be41e47a3c59b4fa065d021ab50"
"md","SKILL","bmm","bmm/workflows/bmad-quick-flow/bmad-quick-spec/SKILL.md","4b79390ffba764261ff6d2d3002a7faa830a2c89662c7e4cd1c92d9add8b9507"
"md","source-tree-template","bmm","bmm/workflows/bmad-document-project/templates/source-tree-template.md","109bc335ebb22f932b37c24cdc777a351264191825444a4d147c9b82a1e2ad7a"
"md","step-01-clarify-and-route","bmm","bmm/workflows/bmad-quick-flow/bmad-quick-dev-new-preview/steps/step-01-clarify-and-route.md","47044d33b3c004016ad09e29af90c9c99b132ecdab1000e927c2e3a057b28265"
"md","step-01-discover","bmm","bmm/workflows/bmad-generate-project-context/steps/step-01-discover.md","8b2c8c7375f8a3c28411250675a28c0d0a9174e6c4e67b3d53619888439c4613"
"md","step-01-document-discovery","bmm","bmm/workflows/3-solutioning/bmad-check-implementation-readiness/steps/step-01-document-discovery.md","56e748671877fa3e34ffaab5c531801e7b72b6b59ee29a2f479e5f904a93d7af"
"md","step-01-gather-context","bmm","bmm/workflows/4-implementation/bmad-code-review/steps/step-01-gather-context.md","0f34561e504646085f5c74787f5b97ec656f0d041ee1dd8815dc93fab9fb1dd1"
"md","step-01-init","bmm","bmm/workflows/1-analysis/bmad-create-product-brief/steps/step-01-init.md","2c79023059274f49d3a9194d3fdf092d021277eb018a853233bda5552be95bf7"
"md","step-01-init","bmm","bmm/workflows/1-analysis/research/bmad-domain-research/domain-steps/step-01-init.md","efee243f13ef54401ded88f501967b8bc767460cec5561b2107fc03fe7b7eab1"
"md","step-01-init","bmm","bmm/workflows/1-analysis/research/bmad-market-research/steps/step-01-init.md","64d5501aea0c0005db23a0a4d9ee84cf4e9239f553c994ecc6b1356917967ccc"
"md","step-01-init","bmm","bmm/workflows/1-analysis/research/bmad-technical-research/technical-steps/step-01-init.md","c9a1627ecd26227e944375eb691e7ee6bc9f5db29a428a5d53e5d6aef8bb9697"
"md","step-01-init","bmm","bmm/workflows/1-analysis/research/market-steps/step-01-init.md","b2b030bc59dfe516e67f19d66f9c6d44d745343ccf2d726d4106290704aecdbd"
"md","step-01-init","bmm","bmm/workflows/2-plan-workflows/bmad-create-ux-design/steps/step-01-init.md","0b257533a0ce34d792f621da35325ec11cb883653e3ad546221ee1f0dee5edcd"
"md","step-01-init","bmm","bmm/workflows/3-solutioning/bmad-create-architecture/steps/step-01-init.md","5119205b712ebda0cd241c3daad217bb0f6fa9e6cb41d6635aec6b7fe83b838a"
"md","step-01-mode-detection","bmm","bmm/workflows/bmad-quick-flow/bmad-quick-dev/steps/step-01-mode-detection.md","d7ebcf5668d1f3adca3410fc578d48d42fa457cb2383586f9f2d790b8bee3f9e"
"md","step-01-understand","bmm","bmm/workflows/bmad-quick-flow/bmad-quick-spec/steps/step-01-understand.md","01877bf2b600dd86e8a62d763875cfc7304c2b85392b8891866c4547386249bb"
"md","step-01-validate-prerequisites","bmm","bmm/workflows/3-solutioning/bmad-create-epics-and-stories/steps/step-01-validate-prerequisites.md","5c2aabc871363d84fc2e12fd83a3889e9d752b6bd330e31a0067c96204dd4880"
"md","step-01b-continue","bmm","bmm/workflows/1-analysis/bmad-create-product-brief/steps/step-01b-continue.md","c3ad854e817ff3c9dce0a1e14d3b88aced00e903b228ecc1d3206e2ab4254941"
"md","step-01b-continue","bmm","bmm/workflows/2-plan-workflows/bmad-create-ux-design/steps/step-01b-continue.md","4d42c6b83eaa720975bf2206a7eea1a8c73ae922668cc2ef03d34c49ab066c19"
"md","step-01b-continue","bmm","bmm/workflows/3-solutioning/bmad-create-architecture/steps/step-01b-continue.md","4bf216008297dcea25f8be693109cf17879c621865b302c994cdd15aa5124e5f"
"md","step-02-context","bmm","bmm/workflows/3-solutioning/bmad-create-architecture/steps/step-02-context.md","4381c5128de7d5c02ac806a1263e3965754bd2598954f3188219fbd87567e5c9"
"md","step-02-context-gathering","bmm","bmm/workflows/bmad-quick-flow/bmad-quick-dev/steps/step-02-context-gathering.md","6c6e359ab32c0a7aebaa4417c1e3dd67e4d0682967a8469ff3ff781e9891f630"
"md","step-02-customer-behavior","bmm","bmm/workflows/1-analysis/research/bmad-market-research/steps/step-02-customer-behavior.md","bac4de244049f90d1f2eb95e2cc9389cc84966d9538077fef1ec9c35e4533849"
"md","step-02-customer-behavior","bmm","bmm/workflows/1-analysis/research/market-steps/step-02-customer-behavior.md","93d20ddbd5506bc1d604c3ce56b42185bfe6f34402c45760e4cb7bec627f52e9"
"md","step-02-design-epics","bmm","bmm/workflows/3-solutioning/bmad-create-epics-and-stories/steps/step-02-design-epics.md","44b8859c4f9e6c8275b44be1c8d36f5360b54db7c54b8d4d1b61e865b33d51d8"
"md","step-02-discovery","bmm","bmm/workflows/2-plan-workflows/bmad-create-ux-design/steps/step-02-discovery.md","9ffd5b31cc869b564e4d78cdc70767f0fb1b04db4c40201ccfa9dde75739fa8d"
"md","step-02-domain-analysis","bmm","bmm/workflows/1-analysis/research/bmad-domain-research/domain-steps/step-02-domain-analysis.md","385a288d9bbb0adf050bcce4da4dad198a9151822f9766900404636f2b0c7f9d"
"md","step-02-generate","bmm","bmm/workflows/bmad-generate-project-context/steps/step-02-generate.md","b1f063edae66a74026b67a79a245cec7ee85438bafcacfc70dcf6006b495e060"
"md","step-02-investigate","bmm","bmm/workflows/bmad-quick-flow/bmad-quick-spec/steps/step-02-investigate.md","0a7c274f4796fd7ace04f4cdbf37468a78c24e76923917bac6da975146c792ac"
"md","step-02-plan","bmm","bmm/workflows/bmad-quick-flow/bmad-quick-dev-new-preview/steps/step-02-plan.md","7b765b45990cc9094d8567fd5cd63774699f684675b7f43812024f60189d770c"
"md","step-02-prd-analysis","bmm","bmm/workflows/3-solutioning/bmad-check-implementation-readiness/steps/step-02-prd-analysis.md","47538848da0207cc929613ee9294ec317d05404ab19d7a9af612bf757d2a5950"
"md","step-02-review","bmm","bmm/workflows/4-implementation/bmad-code-review/steps/step-02-review.md","1e004061cb197b9f3f3b1d02cd16aefa4882ccbb26894ff5b71be7cfea6a518a"
"md","step-02-technical-overview","bmm","bmm/workflows/1-analysis/research/bmad-technical-research/technical-steps/step-02-technical-overview.md","9c7582241038b16280cddce86f2943216541275daf0a935dcab78f362904b305"
"md","step-02-vision","bmm","bmm/workflows/1-analysis/bmad-create-product-brief/steps/step-02-vision.md","7af0d00df3b7bc1ca66c6111f9f5b29a2b8285ea49ac5cf2cd53b60732c9a2c6"
"md","step-03-competitive-landscape","bmm","bmm/workflows/1-analysis/research/bmad-domain-research/domain-steps/step-03-competitive-landscape.md","f10aa088ba00c59491507f6519fb314139f8be6807958bb5fd1b66bff2267749"
"md","step-03-complete","bmm","bmm/workflows/bmad-generate-project-context/steps/step-03-complete.md","cf8d1d1904aeddaddb043c3c365d026cd238891cd702c2b78bae032a8e08ae17"
"md","step-03-core-experience","bmm","bmm/workflows/2-plan-workflows/bmad-create-ux-design/steps/step-03-core-experience.md","1f58c8a2f6872f468629ecb67e94f793af9d10d2804fe3e138eba03c090e00c5"
"md","step-03-create-stories","bmm","bmm/workflows/3-solutioning/bmad-create-epics-and-stories/steps/step-03-create-stories.md","c5b787a82e4e49ed9cd9c028321ee1689f32b8cd69d89eea609b37cd3d481afc"
"md","step-03-customer-pain-points","bmm","bmm/workflows/1-analysis/research/bmad-market-research/steps/step-03-customer-pain-points.md","5b2418ccaaa89291c593efed0311b3895faad1e9181800d382da823a8eb1312a"
"md","step-03-customer-pain-points","bmm","bmm/workflows/1-analysis/research/market-steps/step-03-customer-pain-points.md","4a224fb63d2814a1e2df9b82e42cb2573dc7ffacdf4e61a14a4763c433431a16"
"md","step-03-epic-coverage-validation","bmm","bmm/workflows/3-solutioning/bmad-check-implementation-readiness/steps/step-03-epic-coverage-validation.md","1935d218641b8e19af9764543ada4d04b58b2ba885a1c41a67194c8f1436d73d"
"md","step-03-execute","bmm","bmm/workflows/bmad-quick-flow/bmad-quick-dev/steps/step-03-execute.md","9b346f84377f0fac475605fda1dbb070cb4ed41336ed3dc31a4d99ce040b8cc8"
"md","step-03-generate","bmm","bmm/workflows/bmad-quick-flow/bmad-quick-spec/steps/step-03-generate.md","3a4f777c73a7a96bc70c05aaedd7a452b5e99122d14d070c543bd4043d1875b8"
"md","step-03-implement","bmm","bmm/workflows/bmad-quick-flow/bmad-quick-dev-new-preview/steps/step-03-implement.md","2f11662a04b4bfed65b40fa179ecbce0d5908d4ea1769bc97a83d296ac89764b"
"md","step-03-integration-patterns","bmm","bmm/workflows/1-analysis/research/bmad-technical-research/technical-steps/step-03-integration-patterns.md","005d517a2f962e2172e26b23d10d5e6684c7736c0d3982e27b2e72d905814ad9"
"md","step-03-starter","bmm","bmm/workflows/3-solutioning/bmad-create-architecture/steps/step-03-starter.md","b7727e0f37bc5325e15abad1c54bef716d617df423336090189efd1d307a0b3f"
"md","step-03-triage","bmm","bmm/workflows/4-implementation/bmad-code-review/steps/step-03-triage.md","aef650337811959193b570853a74c60aa31540587353a638b1d89c40395fccfa"
"md","step-03-users","bmm","bmm/workflows/1-analysis/bmad-create-product-brief/steps/step-03-users.md","1298d248531c70655fab8b0df7849baa2f0f3a82e2570a8acddcf4b6a1aaad51"
"md","step-04-architectural-patterns","bmm","bmm/workflows/1-analysis/research/bmad-technical-research/technical-steps/step-04-architectural-patterns.md","4636f23e9c585a7a0c90437a660609d913f16362c3557fc2e71d408d6b9f46ce"
"md","step-04-customer-decisions","bmm","bmm/workflows/1-analysis/research/bmad-market-research/steps/step-04-customer-decisions.md","f0bc25f2179b7490e7a6704159a32fc9e83ab616022355ed53acfe8e2f7059d5"
"md","step-04-customer-decisions","bmm","bmm/workflows/1-analysis/research/market-steps/step-04-customer-decisions.md","8a0c46828854693a7de16e148c3c9eb08b42409a2676b9a44b3cdffe06a577b3"
"md","step-04-decisions","bmm","bmm/workflows/3-solutioning/bmad-create-architecture/steps/step-04-decisions.md","7fc0ebb63ab5ad0efc470f1063c15f14f52f5d855da2382fd17576cf060a8763"
"md","step-04-emotional-response","bmm","bmm/workflows/2-plan-workflows/bmad-create-ux-design/steps/step-04-emotional-response.md","75724811b170c8897e230a49e968e1db357fef3387008b0906b5ff79a43dbff9"
"md","step-04-final-validation","bmm","bmm/workflows/3-solutioning/bmad-create-epics-and-stories/steps/step-04-final-validation.md","6be228c80a97a74fe6b2dca7ded26fdbca3524a4c8590942e150f24e16da68f3"
"md","step-04-metrics","bmm","bmm/workflows/1-analysis/bmad-create-product-brief/steps/step-04-metrics.md","21161be0a8206b81a16c9a325d96f1301cb83d1cd9a0090ae5632a27f16c5c60"
"md","step-04-present","bmm","bmm/workflows/4-implementation/bmad-code-review/steps/step-04-present.md","c1b4531f3960d1fa061c72714184661e86413e2c4eff621f3d208feaa97e8ff0"
"md","step-04-regulatory-focus","bmm","bmm/workflows/1-analysis/research/bmad-domain-research/domain-steps/step-04-regulatory-focus.md","d22035529efe91993e698b4ebf297bf2e7593eb41d185a661c357a8afc08977b"
"md","step-04-review","bmm","bmm/workflows/bmad-quick-flow/bmad-quick-dev-new-preview/steps/step-04-review.md","6b5448ef91e955f8e720003d326f322e9d71f648fddd6ef5aae6f230ee390c40"
"md","step-04-review","bmm","bmm/workflows/bmad-quick-flow/bmad-quick-spec/steps/step-04-review.md","8d1e3b41c3b2b018bf2177baa22d46b27efac4ca5da6ab7bee9fbf2c7b9079d8"
"md","step-04-self-check","bmm","bmm/workflows/bmad-quick-flow/bmad-quick-dev/steps/step-04-self-check.md","9a8e3d3cd35c8d8b86ec65b422566e0e0842782bddd36e942bd0327f6b893f0c"
"md","step-04-ux-alignment","bmm","bmm/workflows/3-solutioning/bmad-check-implementation-readiness/steps/step-04-ux-alignment.md","f71e5f0d77615e885ae40fdee6b04c1dd6e472c871f87b515fe869cb5f6966fb"
"md","step-05-adversarial-review","bmm","bmm/workflows/bmad-quick-flow/bmad-quick-dev/steps/step-05-adversarial-review.md","d8fe2a3c64b03298aa92d5c104f10f2aa6c470ef16c864b0f5297adf8f82a10a"
"md","step-05-competitive-analysis","bmm","bmm/workflows/1-analysis/research/bmad-market-research/steps/step-05-competitive-analysis.md","17532051ad232cfc859f09ac3b44f9f4d542eb24cff8d07317126ccdff0d225a"
"md","step-05-competitive-analysis","bmm","bmm/workflows/1-analysis/research/market-steps/step-05-competitive-analysis.md","ff6f606a80ffaf09aa325e38a4ceb321b97019e6542241b2ed4e8eb38b35efa8"
"md","step-05-epic-quality-review","bmm","bmm/workflows/3-solutioning/bmad-check-implementation-readiness/steps/step-05-epic-quality-review.md","d8a84e57f4e3a321734b5b5d093458ceb1e338744f18954c5a204f5ce3576185"
"md","step-05-implementation-research","bmm","bmm/workflows/1-analysis/research/bmad-technical-research/technical-steps/step-05-implementation-research.md","e2b8a2c79bcebadc85f3823145980fa47d7e7be8d1c112f686c6223c8c138608"
"md","step-05-inspiration","bmm","bmm/workflows/2-plan-workflows/bmad-create-ux-design/steps/step-05-inspiration.md","b0cadcd4665c46d2e6e89bdb45ddfdd4e4aac47b901e59aa156b935878a2b124"
"md","step-05-patterns","bmm","bmm/workflows/3-solutioning/bmad-create-architecture/steps/step-05-patterns.md","3c80aba507aa46893ef43f07c5c321b985632ef57abc82d5ee93c3d9c2911134"
"md","step-05-present","bmm","bmm/workflows/bmad-quick-flow/bmad-quick-dev-new-preview/steps/step-05-present.md","ee2e496153b97173fd2badea323f96164d8a394a9d7fe5413632c2bf2a0a499c"
"md","step-05-scope","bmm","bmm/workflows/1-analysis/bmad-create-product-brief/steps/step-05-scope.md","41236a5c96ca601cf62aab40afaf8901d3e294de2708dec65d0126e6041749a4"
"md","step-05-technical-trends","bmm","bmm/workflows/1-analysis/research/bmad-domain-research/domain-steps/step-05-technical-trends.md","fd6c577010171679f630805eb76e09daf823c2b9770eb716986d01f351ce1fb4"
"md","step-06-complete","bmm","bmm/workflows/1-analysis/bmad-create-product-brief/steps/step-06-complete.md","30f8c0e7333e15047c892a91dbb1016a62b85acd73848ed5b40beb32ebca29db"
"md","step-06-design-system","bmm","bmm/workflows/2-plan-workflows/bmad-create-ux-design/steps/step-06-design-system.md","1c71e452916c5b9ed000af4dd1b83954ae16887463c73776251e1e734e7d7641"
"md","step-06-final-assessment","bmm","bmm/workflows/3-solutioning/bmad-check-implementation-readiness/steps/step-06-final-assessment.md","dbc3a5e94e804c5dbb89204a194d9c378fd4096f40beec976b84ce4ca26b24cf"
"md","step-06-research-completion","bmm","bmm/workflows/1-analysis/research/bmad-market-research/steps/step-06-research-completion.md","ce4820d4a254b1c4c5a876910e7e8912eda8df595a71438d230119ace7f2c38b"
"md","step-06-research-completion","bmm","bmm/workflows/1-analysis/research/market-steps/step-06-research-completion.md","ddc239b81dc76148b5b41741b3ca0d6d4a1f781e1db5e50d2c6b4222dd64eda9"
"md","step-06-research-synthesis","bmm","bmm/workflows/1-analysis/research/bmad-domain-research/domain-steps/step-06-research-synthesis.md","ae7ea9eec7f763073e4e1ec7ef0dd247a2c9c8f8172c84cbcb0590986c67caa2"
"md","step-06-research-synthesis","bmm","bmm/workflows/1-analysis/research/bmad-technical-research/technical-steps/step-06-research-synthesis.md","01d94ed48e86317754d1dafb328d57bd1ce8832c1f443bfd62413bbd07dcf3a1"
"md","step-06-resolve-findings","bmm","bmm/workflows/bmad-quick-flow/bmad-quick-dev/steps/step-06-resolve-findings.md","0018c48e077ef9838e44fd1f4a9986d4d8ac703b41da9412e0dfd307c5c4fabf"
"md","step-06-structure","bmm","bmm/workflows/3-solutioning/bmad-create-architecture/steps/step-06-structure.md","f8333ca290b62849c1e2eb2f770b46705b09fe0322217b699b13be047efdd03e"
"md","step-07-defining-experience","bmm","bmm/workflows/2-plan-workflows/bmad-create-ux-design/steps/step-07-defining-experience.md","17f78d679a187cfb703c2cd30eea84d9dd683f3708d24885421239338eea4edd"
"md","step-07-validation","bmm","bmm/workflows/3-solutioning/bmad-create-architecture/steps/step-07-validation.md","95c9c9102ddfb23969adecc84c45bc61aa1e58dbdff6d25111ac85e17ff99353"
"md","step-08-complete","bmm","bmm/workflows/3-solutioning/bmad-create-architecture/steps/step-08-complete.md","2bdb9f1a149eb8e075c734f086b977709baeeb3d7ca0c2c998997e3c0ce2f532"
"md","step-08-visual-foundation","bmm","bmm/workflows/2-plan-workflows/bmad-create-ux-design/steps/step-08-visual-foundation.md","985b4da65435114529056f33ff583ec4d1b29feb3550494ae741b6dbb89798a9"
"md","step-09-design-directions","bmm","bmm/workflows/2-plan-workflows/bmad-create-ux-design/steps/step-09-design-directions.md","07962c637e69a612a904efccf6188b7f08c9e484d4d7369c74cd0de7da0cb1e3"
"md","step-10-user-journeys","bmm","bmm/workflows/2-plan-workflows/bmad-create-ux-design/steps/step-10-user-journeys.md","eabe15745e6b68df06833bca103c704d31094c8f070c84e35f1ee9b0c28d10bd"
"md","step-11-component-strategy","bmm","bmm/workflows/2-plan-workflows/bmad-create-ux-design/steps/step-11-component-strategy.md","52a1d0230160124496467ddbe26dd9cc4ae7d9afceaea987aad658e1bb195f59"
"md","step-12-ux-patterns","bmm","bmm/workflows/2-plan-workflows/bmad-create-ux-design/steps/step-12-ux-patterns.md","37215fe8ea33247e9a31b5f8b8fe3b36448d7f743c18803e4d5054c201348be8"
"md","step-13-responsive-accessibility","bmm","bmm/workflows/2-plan-workflows/bmad-create-ux-design/steps/step-13-responsive-accessibility.md","b80c7e6c3898bac66af1ca81bcb09a92f2793bc0711530d93e03265070041b5c"
"md","step-14-complete","bmm","bmm/workflows/2-plan-workflows/bmad-create-ux-design/steps/step-14-complete.md","f308bf80b6a7d4490a858fb30d17fc4fa3105655cbc437aa07e54fab26889251"
"md","step-e-01-discovery","bmm","bmm/workflows/2-plan-workflows/bmad-edit-prd/steps-e/step-e-01-discovery.md","bb91eb5f245d04d6fe1d2e31e6c53910ff5b7cc56cfae78fbe8caaf2703e9877"
"md","step-e-01b-legacy-conversion","bmm","bmm/workflows/2-plan-workflows/bmad-edit-prd/steps-e/step-e-01b-legacy-conversion.md","d5dcf71b36a5e425eba3b7ee08e60e4e2c6a3f7eb7131b5a478adf016a89614a"
"md","step-e-02-review","bmm","bmm/workflows/2-plan-workflows/bmad-edit-prd/steps-e/step-e-02-review.md","b26e9b1f876871eb0d8161e943f4c2eead42c3787c884f849895acdeb3d6185b"
"md","step-e-03-edit","bmm","bmm/workflows/2-plan-workflows/bmad-edit-prd/steps-e/step-e-03-edit.md","026bcab64bccb10e12a450ed48844bc0b03e310d4ccdc3fbbff742b55c3b5377"
"md","step-e-04-complete","bmm","bmm/workflows/2-plan-workflows/bmad-edit-prd/steps-e/step-e-04-complete.md","6667d1ec7b1473d35fde07c7cd5e76f288230179534a1b75b9cbe5183afde32b"
"md","step-v-01-discovery","bmm","bmm/workflows/2-plan-workflows/bmad-validate-prd/steps-v/step-v-01-discovery.md","65c4686abf818f35eeeff7cf7d31646b9693f3b8aaaa04eac7c97e9be0572a57"
"md","step-v-01-discovery","bmm","bmm/workflows/2-plan-workflows/create-prd/steps-v/step-v-01-discovery.md","85e9b433cfb634b965240597739cc517837c136a4ca64bc88c0afe828b363740"
"md","step-v-02-format-detection","bmm","bmm/workflows/2-plan-workflows/bmad-validate-prd/steps-v/step-v-02-format-detection.md","c27ea549b1414a9a013c6e334daf278bc26e7101879fd5832eb57ed275daeb0d"
"md","step-v-02-format-detection","bmm","bmm/workflows/2-plan-workflows/create-prd/steps-v/step-v-02-format-detection.md","251ea5a1cf7779db2dc39d5d8317976a27f84b421359c1974ae96c0943094341"
"md","step-v-02b-parity-check","bmm","bmm/workflows/2-plan-workflows/bmad-validate-prd/steps-v/step-v-02b-parity-check.md","5216fea52f9bbcb76a8ea9b9e80c98c51c529342e448dcf75c449ffa6fbaa45f"
"md","step-v-02b-parity-check","bmm","bmm/workflows/2-plan-workflows/create-prd/steps-v/step-v-02b-parity-check.md","3481beae212bb0140c105d0ae87bb9714859c93a471048048512fd1278da2fcd"
"md","step-v-03-density-validation","bmm","bmm/workflows/2-plan-workflows/bmad-validate-prd/steps-v/step-v-03-density-validation.md","1eed2b7eea8745edefbee124e9c9aff1e75a1176b8ba3bad42cfcf9b7c2f2a1c"
"md","step-v-03-density-validation","bmm","bmm/workflows/2-plan-workflows/create-prd/steps-v/step-v-03-density-validation.md","5b95ecd032fb65f86b7eee7ce7c30c997dc2a8b5e4846d88c2853538591a9e40"
"md","step-v-04-brief-coverage-validation","bmm","bmm/workflows/2-plan-workflows/bmad-validate-prd/steps-v/step-v-04-brief-coverage-validation.md","7b870fea072193271c9dc80966b0777cbc892a85912a273ba184f2d19fc68c47"
"md","step-v-04-brief-coverage-validation","bmm","bmm/workflows/2-plan-workflows/create-prd/steps-v/step-v-04-brief-coverage-validation.md","97eb248c7d67e6e5121dd0b020409583998fba433799ea4c5c8cb40c7ff9c7c1"
"md","step-v-05-measurability-validation","bmm","bmm/workflows/2-plan-workflows/bmad-validate-prd/steps-v/step-v-05-measurability-validation.md","06a8762b225e7d77f9c1b9f5be8783bcced29623f3a3bc8dbf7ea109b531c0ae"
"md","step-v-05-measurability-validation","bmm","bmm/workflows/2-plan-workflows/create-prd/steps-v/step-v-05-measurability-validation.md","2f331ee6d4f174dec0e4b434bf7691bfcf3a13c6ee0c47a65989badaa6b6a28c"
"md","step-v-06-traceability-validation","bmm","bmm/workflows/2-plan-workflows/bmad-validate-prd/steps-v/step-v-06-traceability-validation.md","58b89788683540c3122f886ca7a6191866a3abb2851bd505faa3fc9ab46a73c4"
"md","step-v-06-traceability-validation","bmm","bmm/workflows/2-plan-workflows/create-prd/steps-v/step-v-06-traceability-validation.md","970ea67486211a611a701e1490ab7e8f2f98060a9f78760b6ebfdb9f37743c74"
"md","step-v-07-implementation-leakage-validation","bmm","bmm/workflows/2-plan-workflows/bmad-validate-prd/steps-v/step-v-07-implementation-leakage-validation.md","aeab46b20c6aafc4b1d369c65ccf02a1fc5f7de60cbffddf7719e2899de6fe28"
"md","step-v-07-implementation-leakage-validation","bmm","bmm/workflows/2-plan-workflows/create-prd/steps-v/step-v-07-implementation-leakage-validation.md","f75d1d808fdf3d61b15bea55418b82df747f45902b6b22fe541e83b4ea3fa465"
"md","step-v-08-domain-compliance-validation","bmm","bmm/workflows/2-plan-workflows/bmad-validate-prd/steps-v/step-v-08-domain-compliance-validation.md","1be1de3adc40ded63e3662a75532fa1b13c28596b3b49204fbda310f6fa5f0da"
"md","step-v-08-domain-compliance-validation","bmm","bmm/workflows/2-plan-workflows/create-prd/steps-v/step-v-08-domain-compliance-validation.md","a1902baaf4eaaf946e5c2c2101a1ac46f8ee4397e599218b8dc030cd00c97512"
"md","step-v-09-project-type-validation","bmm","bmm/workflows/2-plan-workflows/bmad-validate-prd/steps-v/step-v-09-project-type-validation.md","fffbf78461186456a5ca72b2b9811cb391476c1d1af0301ff71b8f73198c88d1"
"md","step-v-09-project-type-validation","bmm","bmm/workflows/2-plan-workflows/create-prd/steps-v/step-v-09-project-type-validation.md","d53e95264625335184284d3f9d0fc6e7674f67bdf97e19362fc33df4bea7f096"
"md","step-v-10-smart-validation","bmm","bmm/workflows/2-plan-workflows/bmad-validate-prd/steps-v/step-v-10-smart-validation.md","81bf3fbe84054b51cb36b673a3877c65c9b790acd502a9a8a01f76899f5f4f4c"
"md","step-v-10-smart-validation","bmm","bmm/workflows/2-plan-workflows/create-prd/steps-v/step-v-10-smart-validation.md","b3c21cfcb8928ee447e12ba321af957a57385d0a2d2595deb6908212ec1c9692"
"md","step-v-11-holistic-quality-validation","bmm","bmm/workflows/2-plan-workflows/bmad-validate-prd/steps-v/step-v-11-holistic-quality-validation.md","4be7756dce12a6c7c5de6a551716d9e3b1df1f5d9d87fc28efb95fe6960cd3ce"
"md","step-v-11-holistic-quality-validation","bmm","bmm/workflows/2-plan-workflows/create-prd/steps-v/step-v-11-holistic-quality-validation.md","db07ecc3af8720c15d2801b547237d6ec74523883e361a9c03c0bd09b127bee3"
"md","step-v-12-completeness-validation","bmm","bmm/workflows/2-plan-workflows/bmad-validate-prd/steps-v/step-v-12-completeness-validation.md","20371cf379d396292dd63ad721fe48258853048e10cd9ecb8998791194fe4236"
"md","step-v-12-completeness-validation","bmm","bmm/workflows/2-plan-workflows/create-prd/steps-v/step-v-12-completeness-validation.md","c966933a0ca3753db75591325cef4d4bdaf9639a1a63f9438758d32f7e1a1dda"
"md","step-v-13-report-complete","bmm","bmm/workflows/2-plan-workflows/bmad-validate-prd/steps-v/step-v-13-report-complete.md","5df1fe4427273411bc55051519edf89e36ae46b5435240664ead8ffac6842d85"
"md","step-v-13-report-complete","bmm","bmm/workflows/2-plan-workflows/create-prd/steps-v/step-v-13-report-complete.md","a48cb9e8202f66a24798ef50e66b2fa11422560085aa40bb6a057fadc53353af"
"md","tech-spec-template","bmm","bmm/workflows/bmad-quick-flow/bmad-quick-dev-new-preview/tech-spec-template.md","5d253f505d7584633efe55fe7b16a5bbd630708a075542a0e5f6b563ef1218b2"
"md","tech-spec-template","bmm","bmm/workflows/bmad-quick-flow/bmad-quick-spec/tech-spec-template.md","6e0ac4991508fec75d33bbe36197e1576d7b2a1ea7ceba656d616e7d7dadcf03"
"md","template","bmm","bmm/workflows/4-implementation/bmad-create-story/template.md","29ba697368d77e88e88d0e7ac78caf7a78785a7dcfc291082aa96a62948afb67"
"md","ux-design-template","bmm","bmm/workflows/2-plan-workflows/bmad-create-ux-design/ux-design-template.md","ffa4b89376cd9db6faab682710b7ce755990b1197a8b3e16b17748656d1fca6a"
"md","web-researcher","bmm","bmm/workflows/1-analysis/bmad-product-brief-preview/agents/web-researcher.md","66aadb087f9bb3e7d05787c8f30237247ad3b90f241d342838e4ca95ed0d0260"
"md","workflow","bmm","bmm/workflows/1-analysis/bmad-create-product-brief/workflow.md","a8a3ffe52348a2e80ec382b200f0f8f7a00d5aeedb6d303941d52de8c6c8dcff"
"md","workflow","bmm","bmm/workflows/1-analysis/research/bmad-domain-research/workflow.md","8f50250c35786710b7a380404791ce5d04834f5c381abb297a6d1adc2a5007f8"
"md","workflow","bmm","bmm/workflows/1-analysis/research/bmad-market-research/workflow.md","b10298a8ccb939ed49f7c171f4ca9e3fe415980ebddf6bce78a7c375ef92eb84"
"md","workflow","bmm","bmm/workflows/1-analysis/research/bmad-technical-research/workflow.md","69da7541ebac524a905218470c1f91e93ef631b7993629ada9e5224598e93f3f"
"md","workflow","bmm","bmm/workflows/2-plan-workflows/bmad-create-ux-design/workflow.md","d3f718aca12f9618e4271480bd76835e7f33961a4c168ce5aaec9e5a3a083c76"
"md","workflow","bmm","bmm/workflows/2-plan-workflows/bmad-edit-prd/workflow.md","96f09f2e6ebd990c5edc435d6c79bdccaef5e0629d7ae211812ac91a6f337fb6"
"md","workflow","bmm","bmm/workflows/2-plan-workflows/bmad-validate-prd/workflow.md","fbb45a58c4049d7a6a569071e3e58eb03ff3a84ed29a6f2437f49ea2902d1790"
"md","workflow","bmm","bmm/workflows/3-solutioning/bmad-check-implementation-readiness/workflow.md","0e1f1c49ee3d1965fa2378728ad5ebf8bb9d97aee67adf44993a672fbc0c85e8"
"md","workflow","bmm","bmm/workflows/3-solutioning/bmad-create-architecture/workflow.md","7845e7b62ca44da48fac9d732be43e83fe312a8bc83dd9e06574fbbc629c3b49"
"md","workflow","bmm","bmm/workflows/3-solutioning/bmad-create-epics-and-stories/workflow.md","204ce6a9fb23b63d8c254673d073f51202277dc280f9d9a535c2763aeb878a03"
"md","workflow","bmm","bmm/workflows/4-implementation/bmad-code-review/workflow.md","aafeed986e17f030b0ce39244fb7eede7a1fbdd73bd7391a1b424d4a5777cb91"
"md","workflow","bmm","bmm/workflows/4-implementation/bmad-correct-course/workflow.md","a0d0d47be4b2e5a7ad1c7e2ccec36966972cdb01441686092b98b3adbeafe38e"
"md","workflow","bmm","bmm/workflows/4-implementation/bmad-create-story/workflow.md","5ef89f34fe47a6f83d4dc3c3e1d29bbdea58838122549f60a6bc53046825305d"
"md","workflow","bmm","bmm/workflows/4-implementation/bmad-dev-story/workflow.md","96109fde74e4a6743acb6d3b70f83b6ceddc48dc7dc5fbb4a7a5142ecc0fc51e"
"md","workflow","bmm","bmm/workflows/4-implementation/bmad-retrospective/workflow.md","aa0c39d871f653d19131c4c13e84bf40d7b7c764aad9e117fc328008fbd356b1"
"md","workflow","bmm","bmm/workflows/4-implementation/bmad-sprint-planning/workflow.md","6d4714a4d13d2a4f603062111fd46e6e8c69d0793b3501495b5d3826fbd0af4d"
"md","workflow","bmm","bmm/workflows/4-implementation/bmad-sprint-status/workflow.md","61c96b0bca5c720b3f8d9aac459611955add277e19716db796f211bad94d4e70"
"md","workflow","bmm","bmm/workflows/bmad-document-project/workflow.md","946a5e79552769a0254791f4faab719e1fce0b0ca5163c8948e3ab7f6bbd77e9"
"md","workflow","bmm","bmm/workflows/bmad-generate-project-context/workflow.md","9d804dcdc199ae91f27f43276069e1924d660d506f455931c99759a3fd7d305d"
"md","workflow","bmm","bmm/workflows/bmad-qa-generate-e2e-tests/workflow.md","f399bfecbdd005b3f2de1ce15f5ab693776aded6e7d92e104f1f1a66fbcfc85e"
"md","workflow","bmm","bmm/workflows/bmad-quick-flow/bmad-quick-dev/workflow.md","804c0b202c77eab6b6d80ca42aab8a8642e66669693b038f153df2da5b0caece"
"md","workflow","bmm","bmm/workflows/bmad-quick-flow/bmad-quick-dev-new-preview/workflow.md","b684d74b3cecc9c9e436b99ec180b062768835df0f94fc22f9e9d64842ce0299"
"md","workflow","bmm","bmm/workflows/bmad-quick-flow/bmad-quick-spec/workflow.md","ccad30d397bfd3fd6cecb660a95ed1369798eb8c5fafcd06253b3d69b674a1e4"
"md","workflow-validate-prd","bmm","bmm/workflows/2-plan-workflows/create-prd/workflow-validate-prd.md","2a414986b4369622de815fb97f7b825ccf48962472c65c19ea985175dcdc5e6c"
"yaml","bmad-skill-manifest","bmm","bmm/agents/bmad-skill-manifest.yaml","973b7097e5504c980e7548bf71e1e296b4a6265f5f288a82f9930d65e15ddee9"
"yaml","bmad-skill-manifest","bmm","bmm/agents/tech-writer/bmad-skill-manifest.yaml","a46d895577ce3019fc6b5f5a4c76f58c53e669efd198df7feeeb1b26bd8be415"
"yaml","bmad-skill-manifest","bmm","bmm/workflows/1-analysis/bmad-create-product-brief/bmad-skill-manifest.yaml","ea1b058a23cd4fb442f2e7bc7a3a871b73391c0d18c32ddad020dd56b20425ee"
"yaml","bmad-skill-manifest","bmm","bmm/workflows/1-analysis/bmad-product-brief-preview/bmad-skill-manifest.yaml","ea1b058a23cd4fb442f2e7bc7a3a871b73391c0d18c32ddad020dd56b20425ee"
"yaml","bmad-skill-manifest","bmm","bmm/workflows/1-analysis/research/bmad-domain-research/bmad-skill-manifest.yaml","ea1b058a23cd4fb442f2e7bc7a3a871b73391c0d18c32ddad020dd56b20425ee"
"yaml","bmad-skill-manifest","bmm","bmm/workflows/1-analysis/research/bmad-market-research/bmad-skill-manifest.yaml","ea1b058a23cd4fb442f2e7bc7a3a871b73391c0d18c32ddad020dd56b20425ee"
"yaml","bmad-skill-manifest","bmm","bmm/workflows/1-analysis/research/bmad-technical-research/bmad-skill-manifest.yaml","ea1b058a23cd4fb442f2e7bc7a3a871b73391c0d18c32ddad020dd56b20425ee"
"yaml","bmad-skill-manifest","bmm","bmm/workflows/2-plan-workflows/bmad-create-ux-design/bmad-skill-manifest.yaml","ea1b058a23cd4fb442f2e7bc7a3a871b73391c0d18c32ddad020dd56b20425ee"
"yaml","bmad-skill-manifest","bmm","bmm/workflows/2-plan-workflows/bmad-edit-prd/bmad-skill-manifest.yaml","ea1b058a23cd4fb442f2e7bc7a3a871b73391c0d18c32ddad020dd56b20425ee"
"yaml","bmad-skill-manifest","bmm","bmm/workflows/2-plan-workflows/bmad-validate-prd/bmad-skill-manifest.yaml","ea1b058a23cd4fb442f2e7bc7a3a871b73391c0d18c32ddad020dd56b20425ee"
"yaml","bmad-skill-manifest","bmm","bmm/workflows/3-solutioning/bmad-check-implementation-readiness/bmad-skill-manifest.yaml","ea1b058a23cd4fb442f2e7bc7a3a871b73391c0d18c32ddad020dd56b20425ee"
"yaml","bmad-skill-manifest","bmm","bmm/workflows/3-solutioning/bmad-create-architecture/bmad-skill-manifest.yaml","ea1b058a23cd4fb442f2e7bc7a3a871b73391c0d18c32ddad020dd56b20425ee"
"yaml","bmad-skill-manifest","bmm","bmm/workflows/3-solutioning/bmad-create-epics-and-stories/bmad-skill-manifest.yaml","ea1b058a23cd4fb442f2e7bc7a3a871b73391c0d18c32ddad020dd56b20425ee"
"yaml","bmad-skill-manifest","bmm","bmm/workflows/4-implementation/bmad-code-review/bmad-skill-manifest.yaml","ea1b058a23cd4fb442f2e7bc7a3a871b73391c0d18c32ddad020dd56b20425ee"
"yaml","bmad-skill-manifest","bmm","bmm/workflows/4-implementation/bmad-correct-course/bmad-skill-manifest.yaml","ea1b058a23cd4fb442f2e7bc7a3a871b73391c0d18c32ddad020dd56b20425ee"
"yaml","bmad-skill-manifest","bmm","bmm/workflows/4-implementation/bmad-create-story/bmad-skill-manifest.yaml","ea1b058a23cd4fb442f2e7bc7a3a871b73391c0d18c32ddad020dd56b20425ee"
"yaml","bmad-skill-manifest","bmm","bmm/workflows/4-implementation/bmad-dev-story/bmad-skill-manifest.yaml","ea1b058a23cd4fb442f2e7bc7a3a871b73391c0d18c32ddad020dd56b20425ee"
"yaml","bmad-skill-manifest","bmm","bmm/workflows/4-implementation/bmad-retrospective/bmad-skill-manifest.yaml","ea1b058a23cd4fb442f2e7bc7a3a871b73391c0d18c32ddad020dd56b20425ee"
"yaml","bmad-skill-manifest","bmm","bmm/workflows/4-implementation/bmad-sprint-planning/bmad-skill-manifest.yaml","ea1b058a23cd4fb442f2e7bc7a3a871b73391c0d18c32ddad020dd56b20425ee"
"yaml","bmad-skill-manifest","bmm","bmm/workflows/4-implementation/bmad-sprint-status/bmad-skill-manifest.yaml","ea1b058a23cd4fb442f2e7bc7a3a871b73391c0d18c32ddad020dd56b20425ee"
"yaml","bmad-skill-manifest","bmm","bmm/workflows/bmad-document-project/bmad-skill-manifest.yaml","ea1b058a23cd4fb442f2e7bc7a3a871b73391c0d18c32ddad020dd56b20425ee"
"yaml","bmad-skill-manifest","bmm","bmm/workflows/bmad-generate-project-context/bmad-skill-manifest.yaml","ea1b058a23cd4fb442f2e7bc7a3a871b73391c0d18c32ddad020dd56b20425ee"
"yaml","bmad-skill-manifest","bmm","bmm/workflows/bmad-qa-generate-e2e-tests/bmad-skill-manifest.yaml","ea1b058a23cd4fb442f2e7bc7a3a871b73391c0d18c32ddad020dd56b20425ee"
"yaml","bmad-skill-manifest","bmm","bmm/workflows/bmad-quick-flow/bmad-quick-dev/bmad-skill-manifest.yaml","ea1b058a23cd4fb442f2e7bc7a3a871b73391c0d18c32ddad020dd56b20425ee"
"yaml","bmad-skill-manifest","bmm","bmm/workflows/bmad-quick-flow/bmad-quick-dev-new-preview/bmad-skill-manifest.yaml","ea1b058a23cd4fb442f2e7bc7a3a871b73391c0d18c32ddad020dd56b20425ee"
"yaml","bmad-skill-manifest","bmm","bmm/workflows/bmad-quick-flow/bmad-quick-spec/bmad-skill-manifest.yaml","ea1b058a23cd4fb442f2e7bc7a3a871b73391c0d18c32ddad020dd56b20425ee"
"yaml","config","bmm","bmm/config.yaml","4aff99b4ba9beec053959eed5f252c5e93683bc57019bf236fbf6a6929717463"
"yaml","sprint-status-template","bmm","bmm/workflows/4-implementation/bmad-sprint-planning/sprint-status-template.yaml","b46a7bfb7d226f00bd064f111e527eee54ad470d177382a9a15f1a6dde21544c"
"yaml","team-fullstack","bmm","bmm/teams/team-fullstack.yaml","da8346b10dfad8e1164a11abeb3b0a84a1d8b5f04e01e8490a44ffca477a1b96"
"csv","brain-methods","core","core/skills/bmad-brainstorming/brain-methods.csv","0ab5878b1dbc9e3fa98cb72abfc3920a586b9e2b42609211bb0516eefd542039"
"csv","domain-complexity","core","core/tasks/bmad-create-prd/data/domain-complexity.csv","f775f09fb4dc1b9214ca22db4a3994ce53343d976d7f6e5384949835db6d2770"
"csv","methods","core","core/skills/bmad-advanced-elicitation/methods.csv","e08b2e22fec700274982e37be608d6c3d1d4d0c04fa0bae05aa9dba2454e6141"
"csv","module-help","core","core/module-help.csv","b5776ec141542f471fbfec3b42a8629e2692383ca221611ff5126a737befed0b"
"csv","project-types","core","core/tasks/bmad-create-prd/data/project-types.csv","7a01d336e940fb7a59ff450064fd1194cdedda316370d939264a0a0adcc0aca3"
"md","compression-rules","core","core/skills/bmad-distillator/resources/compression-rules.md","86e53d6a2072b379864766681d1cc4e1aad3d4428ecca8c46010f7364da32724"
"md","distillate-compressor","core","core/skills/bmad-distillator/agents/distillate-compressor.md","c00da33b39a43207a224c4043d1aa4158e90e41ab421fff0ea7cc55beec81ef8"
"md","distillate-format-reference","core","core/skills/bmad-distillator/resources/distillate-format-reference.md","0ed0e016178f606ff7b70dd852695e94bce8da6d83954257e0b85779530bcaeb"
"md","prd-purpose","core","core/tasks/bmad-create-prd/data/prd-purpose.md","49c4641b91504bb14e3887029b70beacaff83a2de200ced4f8cb11c1356ecaee"
"md","prd-template","core","core/tasks/bmad-create-prd/templates/prd-template.md","7ccccab9c06a626b7a228783b0b9b6e4172e9ec0b10d47bbfab56958c898f837"
"md","round-trip-reconstructor","core","core/skills/bmad-distillator/agents/round-trip-reconstructor.md","47c83f4a37249ddac38460d8c95d162f6fc175a8919888e8090aed71bd9383bc"
"md","SKILL","core","core/skills/bmad-advanced-elicitation/SKILL.md","9e1096c3b6087b1a479e6472b4f369f81ef3ac86510f047497a77946225ac36a"
"md","SKILL","core","core/skills/bmad-brainstorming/SKILL.md","f4a2c22b40ed34cdbd3282dd6161a3b869902f3bc75b58e181fc9faf78eedd9d"
"md","SKILL","core","core/skills/bmad-distillator/SKILL.md","9b404438deb17c56ddc08f7b823177687fb4a62f08f40dac8faa5a93f78e374d"
"md","SKILL","core","core/skills/bmad-editorial-review-prose/SKILL.md","2a8df805c9525b3fa6db2cd96dec31deba6327b5da26b98b7d927744c87dd898"
"md","SKILL","core","core/skills/bmad-editorial-review-structure/SKILL.md","619082536c4c770f1164bda994ced197bca8d9e5c140fc4af5f96cb572ac0f60"
"md","SKILL","core","core/skills/bmad-help/SKILL.md","57d85d026055fa420ba4e6c7dd9cff566175d0be67f5d627d33efb67adee245f"
"md","SKILL","core","core/skills/bmad-index-docs/SKILL.md","278818a63cd7dde0cee7c280b93f96c67566c0ab2460e721fd31fd1c95cdcb6e"
"md","SKILL","core","core/skills/bmad-party-mode/SKILL.md","558831b737cf3a6a5349b9f1338f2945da82ce2564893e642a2b49b7e62e8b3f"
"md","SKILL","core","core/skills/bmad-review-adversarial-general/SKILL.md","8b48a202f13990630c2cbc4f71da839978bc96d2a5577fe460c443781039e194"
"md","SKILL","core","core/skills/bmad-review-edge-case-hunter/SKILL.md","9f0cfeb7ee3d5deef43353b5301001087045ee59b048be56150e3880a7db8531"
"md","SKILL","core","core/skills/bmad-shard-doc/SKILL.md","3f9137b3eaae5b039ecdd7d9342a4048efd3b3eb62fb3d389893d8e61df8688b"
"md","SKILL","core","core/tasks/bmad-create-prd/SKILL.md","24de81d7553bb136d1dfb595a3f2fbd45930ece202ea2ac258eb349b4af17b5f"
"md","splitting-strategy","core","core/skills/bmad-distillator/resources/splitting-strategy.md","26d3ed05f912cf99ff9ebe2353f2d84d70e3e852e23a32b1215c13416ad708b5"
"md","step-01-agent-loading","core","core/skills/bmad-party-mode/steps/step-01-agent-loading.md","04ab6b6247564f7edcd5c503f5ca7d27ae688b09bbe2e24345550963a016e9f9"
"md","step-01-init","core","core/tasks/bmad-create-prd/steps-c/step-01-init.md","922f59e960569f68bbf0d2c17ecdca74e9d9b92c6a802a5ea888e10774be7738"
"md","step-01-session-setup","core","core/skills/bmad-brainstorming/steps/step-01-session-setup.md","7fd2aed9527ccdf35fc86bd4c9b27b4a530b5cfdfb90ae2b7385d3185bcd60bc"
"md","step-01b-continue","core","core/skills/bmad-brainstorming/steps/step-01b-continue.md","49f8d78290291f974432bc8e8fce340de58ed62aa946e9e3182858bf63829920"
"md","step-01b-continue","core","core/tasks/bmad-create-prd/steps-c/step-01b-continue.md","bdc3677aa220c4822b273d9bc8579669e003cc96d49475ddb3116bdef759cf04"
"md","step-02-discovery","core","core/tasks/bmad-create-prd/steps-c/step-02-discovery.md","4ef0a3e62c05bfe90fbeca03d58ada11017098523a563003d574462d65f51e78"
"md","step-02-discussion-orchestration","core","core/skills/bmad-party-mode/steps/step-02-discussion-orchestration.md","a8a79890bd03237e20f1293045ecf06f9a62bc590f5c2d4f88e250cee40abb0b"
"md","step-02a-user-selected","core","core/skills/bmad-brainstorming/steps/step-02a-user-selected.md","7ff3bca27286d17902ecea890494599796633e24a25ea6b31bbd6c3d2e54eba2"
"md","step-02b-ai-recommended","core","core/skills/bmad-brainstorming/steps/step-02b-ai-recommended.md","cb77b810e0c98e080b4378999f0e250bacba4fb74c1bcb0a144cffe9989d2cbd"
"md","step-02b-vision","core","core/tasks/bmad-create-prd/steps-c/step-02b-vision.md","641fcd72722c34850bf2daf38a4dfc544778999383aa9b33b4e7569de5860721"
"md","step-02c-executive-summary","core","core/tasks/bmad-create-prd/steps-c/step-02c-executive-summary.md","7abf23a4ae7a7e1653cb86d90fdb1698cbe876628de3273b5638cfb05e34b615"
"md","step-02c-random-selection","core","core/skills/bmad-brainstorming/steps/step-02c-random-selection.md","91c6e16213911a231a41b1a55be7c939e7bbcd1463bd49cb03b5b669a90c0868"
"md","step-02d-progressive-flow","core","core/skills/bmad-brainstorming/steps/step-02d-progressive-flow.md","6b6fbbd34bcf334d79f09e8c36ed3c9d55ddd3ebb8f8f77aa892643d1a4e3436"
"md","step-03-graceful-exit","core","core/skills/bmad-party-mode/steps/step-03-graceful-exit.md","85e87df198fbb7ce1cf5e65937c4ad6f9ab51a2d80701979570f00519a2d9478"
"md","step-03-success","core","core/tasks/bmad-create-prd/steps-c/step-03-success.md","3959db0848f9a4c99f80ac8d59855f9bb77f833475d3d5512e623d62b52b86dc"
"md","step-03-technique-execution","core","core/skills/bmad-brainstorming/steps/step-03-technique-execution.md","b97afefd4ccc5234e554a3dfc5555337269ce171e730b250c756718235e9df60"
"md","step-04-idea-organization","core","core/skills/bmad-brainstorming/steps/step-04-idea-organization.md","acb7eb6a54161213bb916cabf7d0d5084316704e792a880968fc340855cdcbbb"
"md","step-04-journeys","core","core/tasks/bmad-create-prd/steps-c/step-04-journeys.md","a9f2b74f06230916f66a1cf42437e4173061a157642c5eaf0d985d4078872526"
"md","step-05-domain","core","core/tasks/bmad-create-prd/steps-c/step-05-domain.md","983617d33fe6b7e911f34cf6a2adb86be595952ab9a7c7308e7f6b3858b39a12"
"md","step-06-innovation","core","core/tasks/bmad-create-prd/steps-c/step-06-innovation.md","a0b3863e11f1dc91c73871967c26c3a2746a11c29a1cd23ee000df5b6b22f1b3"
"md","step-07-project-type","core","core/tasks/bmad-create-prd/steps-c/step-07-project-type.md","ba60660354a1aa7dff8a03bfff79ace4589af13e3a2945ae78157a33abd12f17"
"md","step-08-scoping","core","core/tasks/bmad-create-prd/steps-c/step-08-scoping.md","b1273a563a4cb440901bcda12ffdb27a37694c4cc4431196396d07a3737ae0aa"
"md","step-09-functional","core","core/tasks/bmad-create-prd/steps-c/step-09-functional.md","4880a2f02fdc43964bd753c733c7800b9ccf6b1ccf194b2a8c3f09f1ad85843c"
"md","step-10-nonfunctional","core","core/tasks/bmad-create-prd/steps-c/step-10-nonfunctional.md","afde3cd586227cec7863267518667605e9487025a9c0f3b7f220c66adbbc347c"
"md","step-11-polish","core","core/tasks/bmad-create-prd/steps-c/step-11-polish.md","7648f29eda46aa75dd3a23045d9e8513995a7c56e18ac28f4912b5d05340b9cc"
"md","step-12-complete","core","core/tasks/bmad-create-prd/steps-c/step-12-complete.md","cce81ef9c88e910ea729710ab7104ee23c323479f90375208d3910abe0a5adcf"
"md","template","core","core/skills/bmad-brainstorming/template.md","5c99d76963eb5fc21db96c5a68f39711dca7c6ed30e4f7d22aedee9e8bb964f9"
"md","workflow","core","core/skills/bmad-advanced-elicitation/workflow.md","86acfb60c9fbd22a807659aefcbce98442d6244a45911d11c5b83bce5155d971"
"md","workflow","core","core/skills/bmad-brainstorming/workflow.md","74c87846a5cda7a4534ea592ea3125a8d8a1a88d19c94f5f4481fb28d0d16bf2"
"md","workflow","core","core/skills/bmad-editorial-review-prose/workflow.md","998ad2589728fac834820639886744bb3d1606674a1b2a1ab0da47fae8eb3e50"
"md","workflow","core","core/skills/bmad-editorial-review-structure/workflow.md","ea2ab3dc9e586b1cc962371eac3e894719752536d3d8b6d68892d5aa68a46505"
"md","workflow","core","core/skills/bmad-help/workflow.md","e610f8be8f1a5742cea912378ffbe2f580b20ee5c6c6f13bdbbab61dd98ef567"
"md","workflow","core","core/skills/bmad-index-docs/workflow.md","295495eb83ee0f167629b1eafb906e02eb7e151b2378f4858a1fd23c130c3bce"
"md","workflow","core","core/skills/bmad-party-mode/workflow.md","e4f7328ccac68ecb7fb346c6b8f4e2e52171b63cff9070c0b382124872e673cb"
"md","workflow","core","core/skills/bmad-review-adversarial-general/workflow.md","dd6f172ecec5f5a3aa94904b96f53dbc0d8560e93aaf16f23b801c5649b2d798"
"md","workflow","core","core/skills/bmad-review-edge-case-hunter/workflow.md","77b50cf0a221eb6ff90a824593feac4f04fc7f694d4791e0fa9599e5919b54aa"
"md","workflow","core","core/skills/bmad-shard-doc/workflow.md","0188bc74dc52d7cdc45106fcb087eabbbc645b49f2ededb797d57bdde4e9b02d"
"md","workflow","core","core/tasks/bmad-create-prd/workflow.md","e40e1e72e3130d0189f77ae79f1ab242d504d963bf53c2a52e1fce8c0bc7e06e"
"py","analyze_sources","core","core/skills/bmad-distillator/scripts/analyze_sources.py","31e2a8441c3c43c2536739c580cdef6abecb18ff20e7447f42dd868875783166"
"py","test_analyze_sources","core","core/skills/bmad-distillator/scripts/tests/test_analyze_sources.py","d90525311f8010aaf8d7d9212a370468a697866190bae78c35d0aae9b7f23fdf"
"yaml","bmad-skill-manifest","core","core/skills/bmad-advanced-elicitation/bmad-skill-manifest.yaml","ea1b058a23cd4fb442f2e7bc7a3a871b73391c0d18c32ddad020dd56b20425ee"
"yaml","bmad-skill-manifest","core","core/skills/bmad-brainstorming/bmad-skill-manifest.yaml","ea1b058a23cd4fb442f2e7bc7a3a871b73391c0d18c32ddad020dd56b20425ee"
"yaml","bmad-skill-manifest","core","core/skills/bmad-distillator/bmad-skill-manifest.yaml","9cfedfd2e5a5bbede8436e5357bb9d49746430f6b9f912414abb643ed4cac49b"
"yaml","bmad-skill-manifest","core","core/skills/bmad-editorial-review-prose/bmad-skill-manifest.yaml","ea1b058a23cd4fb442f2e7bc7a3a871b73391c0d18c32ddad020dd56b20425ee"
"yaml","bmad-skill-manifest","core","core/skills/bmad-editorial-review-structure/bmad-skill-manifest.yaml","ea1b058a23cd4fb442f2e7bc7a3a871b73391c0d18c32ddad020dd56b20425ee"
"yaml","bmad-skill-manifest","core","core/skills/bmad-help/bmad-skill-manifest.yaml","ea1b058a23cd4fb442f2e7bc7a3a871b73391c0d18c32ddad020dd56b20425ee"
"yaml","bmad-skill-manifest","core","core/skills/bmad-index-docs/bmad-skill-manifest.yaml","ea1b058a23cd4fb442f2e7bc7a3a871b73391c0d18c32ddad020dd56b20425ee"
"yaml","bmad-skill-manifest","core","core/skills/bmad-party-mode/bmad-skill-manifest.yaml","ea1b058a23cd4fb442f2e7bc7a3a871b73391c0d18c32ddad020dd56b20425ee"
"yaml","bmad-skill-manifest","core","core/skills/bmad-review-adversarial-general/bmad-skill-manifest.yaml","ea1b058a23cd4fb442f2e7bc7a3a871b73391c0d18c32ddad020dd56b20425ee"
"yaml","bmad-skill-manifest","core","core/skills/bmad-review-edge-case-hunter/bmad-skill-manifest.yaml","ea1b058a23cd4fb442f2e7bc7a3a871b73391c0d18c32ddad020dd56b20425ee"
"yaml","bmad-skill-manifest","core","core/skills/bmad-shard-doc/bmad-skill-manifest.yaml","ea1b058a23cd4fb442f2e7bc7a3a871b73391c0d18c32ddad020dd56b20425ee"
"yaml","bmad-skill-manifest","core","core/tasks/bmad-create-prd/bmad-skill-manifest.yaml","ea1b058a23cd4fb442f2e7bc7a3a871b73391c0d18c32ddad020dd56b20425ee"
"yaml","config","core","core/config.yaml","46e6889da336afb15dbef74fa57f3db6624b8090ef1664f57c659b8c6cf48d32"
